stack_id,event_start,event_end,n_rows,n_treated_pois,n_control_pois,max_control_pois,target,spec,pre_window,post_window,poi_type
1,0,12,18798,14,2587,10000,spatial,poi_type_Arts_Entertainment,6,12,Arts_Entertainment
2,-1,12,19779,32,2623,10000,spatial,poi_type_Arts_Entertainment,6,12,Arts_Entertainment
3,-2,12,20715,20,2680,10000,spatial,poi_type_Arts_Entertainment,6,12,Arts_Entertainment
5,-4,12,22769,19,2754,10000,spatial,poi_type_Arts_Entertainment,6,12,Arts_Entertainment
7,-6,12,24909,20,2808,10000,spatial,poi_type_Arts_Entertainment,6,12,Arts_Entertainment
8,-6,12,24398,18,2779,10000,spatial,poi_type_Arts_Entertainment,6,12,Arts_Entertainment
9,-6,12,23884,21,2766,10000,spatial,poi_type_Arts_Entertainment,6,12,Arts_Entertainment
11,-6,12,22671,16,2711,10000,spatial,poi_type_Arts_Entertainment,6,12,Arts_Entertainment
12,-6,12,22020,21,2677,10000,spatial,poi_type_Arts_Entertainment,6,12,Arts_Entertainment
13,-6,12,21364,30,2630,10000,spatial,poi_type_Arts_Entertainment,6,12,Arts_Entertainment
14,-6,12,20633,19,2592,10000,spatial,poi_type_Arts_Entertainment,6,12,Arts_Entertainment
15,-6,12,20007,32,2560,10000,spatial,poi_type_Arts_Entertainment,6,12,Arts_Entertainment
16,-6,12,19340,28,2525,10000,spatial,poi_type_Arts_Entertainment,6,12,Arts_Entertainment
17,-6,12,18760,28,2490,10000,spatial,poi_type_Arts_Entertainment,6,12,Arts_Entertainment
18,-6,12,18145,15,2464,10000,spatial,poi_type_Arts_Entertainment,6,12,Arts_Entertainment
19,-6,12,17608,17,2209,10000,spatial,poi_type_Arts_Entertainment,6,12,Arts_Entertainment
20,-6,12,17875,31,2217,10000,spatial,poi_type_Arts_Entertainment,6,12,Arts_Entertainment
21,-6,12,17683,41,2195,10000,spatial,poi_type_Arts_Entertainment,6,12,Arts_Entertainment
23,-6,12,16754,12,2190,10000,spatial,poi_type_Arts_Entertainment,6,12,Arts_Entertainment
24,-6,12,16255,10,2165,10000,spatial,poi_type_Arts_Entertainment,6,12,Arts_Entertainment
25,-6,12,15775,12,2133,10000,spatial,poi_type_Arts_Entertainment,6,12,Arts_Entertainment
26,-6,12,15334,11,2135,10000,spatial,poi_type_Arts_Entertainment,6,12,Arts_Entertainment
27,-6,12,15001,14,2101,10000,spatial,poi_type_Arts_Entertainment,6,12,Arts_Entertainment
28,-6,12,14802,42,2074,10000,spatial,poi_type_Arts_Entertainment,6,12,Arts_Entertainment
29,-6,12,14422,27,2084,10000,spatial,poi_type_Arts_Entertainment,6,12,Arts_Entertainment
30,-6,12,14194,20,2085,10000,spatial,poi_type_Arts_Entertainment,6,12,Arts_Entertainment
31,-6,12,13912,14,2056,10000,spatial,poi_type_Arts_Entertainment,6,12,Arts_Entertainment
32,-6,12,13751,21,2032,10000,spatial,poi_type_Arts_Entertainment,6,12,Arts_Entertainment
33,-6,12,13483,15,2016,10000,spatial,poi_type_Arts_Entertainment,6,12,Arts_Entertainment
36,-6,12,12582,13,1898,10000,spatial,poi_type_Arts_Entertainment,6,12,Arts_Entertainment
37,-6,12,12215,12,1862,10000,spatial,poi_type_Arts_Entertainment,6,12,Arts_Entertainment
38,-6,12,11910,25,1797,10000,spatial,poi_type_Arts_Entertainment,6,12,Arts_Entertainment
40,-6,12,11532,7,1696,10000,spatial,poi_type_Arts_Entertainment,6,12,Arts_Entertainment
41,-6,12,11643,22,1620,10000,spatial,poi_type_Arts_Entertainment,6,12,Arts_Entertainment
44,-6,12,11663,14,1628,10000,spatial,poi_type_Arts_Entertainment,6,12,Arts_Entertainment
45,-6,12,11592,18,1608,10000,spatial,poi_type_Arts_Entertainment,6,12,Arts_Entertainment
48,-6,12,11287,14,1573,10000,spatial,poi_type_Arts_Entertainment,6,12,Arts_Entertainment
50,-6,12,11087,10,1578,10000,spatial,poi_type_Arts_Entertainment,6,12,Arts_Entertainment
51,-6,12,11202,21,1577,10000,spatial,poi_type_Arts_Entertainment,6,12,Arts_Entertainment
54,-6,12,11380,15,1611,10000,spatial,poi_type_Arts_Entertainment,6,12,Arts_Entertainment
55,-6,12,11597,15,1675,10000,spatial,poi_type_Arts_Entertainment,6,12,Arts_Entertainment
59,-6,12,12191,13,2042,10000,spatial,poi_type_Arts_Entertainment,6,12,Arts_Entertainment
60,-6,12,12322,15,2070,10000,spatial,poi_type_Arts_Entertainment,6,12,Arts_Entertainment
61,-6,11,11645,13,2015,10000,spatial,poi_type_Arts_Entertainment,6,12,Arts_Entertainment
66,-6,6,8856,21,1856,10000,spatial,poi_type_Arts_Entertainment,6,12,Arts_Entertainment
69,-6,3,7124,12,1760,10000,spatial,poi_type_Arts_Entertainment,6,12,Arts_Entertainment
70,-6,2,6493,8,1724,10000,spatial,poi_type_Arts_Entertainment,6,12,Arts_Entertainment
2,-1,12,26019,13,2619,10000,spatial,poi_type_Clothing,6,12,Clothing
4,-3,12,29064,12,2649,10000,spatial,poi_type_Clothing,6,12,Clothing
7,-6,12,33679,26,2686,10000,spatial,poi_type_Clothing,6,12,Clothing
8,-6,12,33348,39,2669,10000,spatial,poi_type_Clothing,6,12,Clothing
11,-6,12,31755,27,2661,10000,spatial,poi_type_Clothing,6,12,Clothing
13,-6,12,30478,77,2586,10000,spatial,poi_type_Clothing,6,12,Clothing
14,-6,12,29897,45,2562,10000,spatial,poi_type_Clothing,6,12,Clothing
15,-6,12,29130,14,2570,10000,spatial,poi_type_Clothing,6,12,Clothing
16,-6,12,28582,20,2551,10000,spatial,poi_type_Clothing,6,12,Clothing
17,-6,12,27922,25,2509,10000,spatial,poi_type_Clothing,6,12,Clothing
18,-6,12,27795,49,2544,10000,spatial,poi_type_Clothing,6,12,Clothing
20,-6,12,26964,23,2405,10000,spatial,poi_type_Clothing,6,12,Clothing
21,-6,12,26779,28,2398,10000,spatial,poi_type_Clothing,6,12,Clothing
22,-6,12,26392,17,2401,10000,spatial,poi_type_Clothing,6,12,Clothing
24,-6,12,25686,25,2399,10000,spatial,poi_type_Clothing,6,12,Clothing
25,-6,12,25101,12,2398,10000,spatial,poi_type_Clothing,6,12,Clothing
27,-6,12,24613,29,2372,10000,spatial,poi_type_Clothing,6,12,Clothing
28,-6,12,24472,44,2360,10000,spatial,poi_type_Clothing,6,12,Clothing
29,-6,12,23990,27,2398,10000,spatial,poi_type_Clothing,6,12,Clothing
33,-6,12,23025,32,2334,10000,spatial,poi_type_Clothing,6,12,Clothing
36,-6,12,22303,23,2263,10000,spatial,poi_type_Clothing,6,12,Clothing
38,-6,12,21712,58,2159,10000,spatial,poi_type_Clothing,6,12,Clothing
41,-6,12,20747,18,1997,10000,spatial,poi_type_Clothing,6,12,Clothing
46,-6,12,20221,30,1904,10000,spatial,poi_type_Clothing,6,12,Clothing
47,-6,12,20036,20,1898,10000,spatial,poi_type_Clothing,6,12,Clothing
51,-6,12,19533,21,1865,10000,spatial,poi_type_Clothing,6,12,Clothing
53,-6,12,19327,23,1844,10000,spatial,poi_type_Clothing,6,12,Clothing
54,-6,12,19213,20,1828,10000,spatial,poi_type_Clothing,6,12,Clothing
60,-6,12,18930,29,1948,10000,spatial,poi_type_Clothing,6,12,Clothing
68,-6,4,10929,37,1719,10000,spatial,poi_type_Clothing,6,12,Clothing
9,-6,12,50772,23,3404,10000,spatial,poi_type_Gas_Convenience,6,12,Gas_Convenience
11,-6,12,50961,21,3408,10000,spatial,poi_type_Gas_Convenience,6,12,Gas_Convenience
12,-6,12,50968,20,3399,10000,spatial,poi_type_Gas_Convenience,6,12,Gas_Convenience
13,-6,12,51085,23,3395,10000,spatial,poi_type_Gas_Convenience,6,12,Gas_Convenience
15,-6,12,51271,29,3379,10000,spatial,poi_type_Gas_Convenience,6,12,Gas_Convenience
16,-6,12,51371,36,3399,10000,spatial,poi_type_Gas_Convenience,6,12,Gas_Convenience
17,-6,12,51248,21,3404,10000,spatial,poi_type_Gas_Convenience,6,12,Gas_Convenience
21,-6,12,51340,43,3349,10000,spatial,poi_type_Gas_Convenience,6,12,Gas_Convenience
26,-6,12,49580,21,3418,10000,spatial,poi_type_Gas_Convenience,6,12,Gas_Convenience
28,-6,12,49012,36,3374,10000,spatial,poi_type_Gas_Convenience,6,12,Gas_Convenience
29,-6,12,48557,21,3433,10000,spatial,poi_type_Gas_Convenience,6,12,Gas_Convenience
30,-6,12,48434,37,3413,10000,spatial,poi_type_Gas_Convenience,6,12,Gas_Convenience
31,-6,12,48132,32,3409,10000,spatial,poi_type_Gas_Convenience,6,12,Gas_Convenience
32,-6,12,47817,35,3395,10000,spatial,poi_type_Gas_Convenience,6,12,Gas_Convenience
33,-6,12,47361,25,3387,10000,spatial,poi_type_Gas_Convenience,6,12,Gas_Convenience
36,-6,12,46208,27,3296,10000,spatial,poi_type_Gas_Convenience,6,12,Gas_Convenience
38,-6,12,45314,19,3223,10000,spatial,poi_type_Gas_Convenience,6,12,Gas_Convenience
39,-6,12,44899,17,3186,10000,spatial,poi_type_Gas_Convenience,6,12,Gas_Convenience
40,-6,12,44627,22,3151,10000,spatial,poi_type_Gas_Convenience,6,12,Gas_Convenience
41,-6,12,44737,48,3055,10000,spatial,poi_type_Gas_Convenience,6,12,Gas_Convenience
44,-6,12,44167,25,3007,10000,spatial,poi_type_Gas_Convenience,6,12,Gas_Convenience
47,-6,12,43524,18,2946,10000,spatial,poi_type_Gas_Convenience,6,12,Gas_Convenience
48,-6,12,43325,29,2920,10000,spatial,poi_type_Gas_Convenience,6,12,Gas_Convenience
51,-6,12,42442,45,2868,10000,spatial,poi_type_Gas_Convenience,6,12,Gas_Convenience
55,-6,12,41313,20,2862,10000,spatial,poi_type_Gas_Convenience,6,12,Gas_Convenience
59,-6,12,41498,26,3271,10000,spatial,poi_type_Gas_Convenience,6,12,Gas_Convenience
69,-6,3,21961,23,2986,10000,spatial,poi_type_Gas_Convenience,6,12,Gas_Convenience
2,-1,12,81545,32,7179,10000,spatial,poi_type_Grocery,6,12,Grocery
3,-2,12,87154,44,7230,10000,spatial,poi_type_Grocery,6,12,Grocery
4,-3,12,92304,17,7307,10000,spatial,poi_type_Grocery,6,12,Grocery
5,-4,12,97747,19,7342,10000,spatial,poi_type_Grocery,6,12,Grocery
6,-5,12,103135,19,7384,10000,spatial,poi_type_Grocery,6,12,Grocery
7,-6,12,108588,27,7413,10000,spatial,poi_type_Grocery,6,12,Grocery
8,-6,12,107995,27,7398,10000,spatial,poi_type_Grocery,6,12,Grocery
9,-6,12,107465,26,7383,10000,spatial,poi_type_Grocery,6,12,Grocery
10,-6,12,106733,17,7394,10000,spatial,poi_type_Grocery,6,12,Grocery
11,-6,12,106327,41,7343,10000,spatial,poi_type_Grocery,6,12,Grocery
12,-6,12,105535,51,7298,10000,spatial,poi_type_Grocery,6,12,Grocery
13,-6,12,104959,81,7252,10000,spatial,poi_type_Grocery,6,12,Grocery
14,-6,12,103695,33,7257,10000,spatial,poi_type_Grocery,6,12,Grocery
15,-6,12,103154,45,7238,10000,spatial,poi_type_Grocery,6,12,Grocery
16,-6,12,102501,73,7183,10000,spatial,poi_type_Grocery,6,12,Grocery
17,-6,12,101340,51,7147,10000,spatial,poi_type_Grocery,6,12,Grocery
18,-6,12,100851,41,7619,10000,spatial,poi_type_Grocery,6,12,Grocery
19,-6,12,100562,42,7451,10000,spatial,poi_type_Grocery,6,12,Grocery
20,-6,12,100470,38,7482,10000,spatial,poi_type_Grocery,6,12,Grocery
21,-6,12,100644,93,7426,10000,spatial,poi_type_Grocery,6,12,Grocery
22,-6,12,99419,26,7434,10000,spatial,poi_type_Grocery,6,12,Grocery
23,-6,12,99054,45,7606,10000,spatial,poi_type_Grocery,6,12,Grocery
24,-6,12,98165,24,7619,10000,spatial,poi_type_Grocery,6,12,Grocery
25,-6,12,97512,40,7575,10000,spatial,poi_type_Grocery,6,12,Grocery
26,-6,12,97132,47,7724,10000,spatial,poi_type_Grocery,6,12,Grocery
27,-6,12,96645,45,7687,10000,spatial,poi_type_Grocery,6,12,Grocery
28,-6,12,96912,107,7630,10000,spatial,poi_type_Grocery,6,12,Grocery
29,-6,12,96483,77,7858,10000,spatial,poi_type_Grocery,6,12,Grocery
30,-6,12,96044,57,7900,10000,spatial,poi_type_Grocery,6,12,Grocery
31,-6,12,95820,51,7923,10000,spatial,poi_type_Grocery,6,12,Grocery
32,-6,12,95933,77,7862,10000,spatial,poi_type_Grocery,6,12,Grocery
33,-6,12,95508,58,7864,10000,spatial,poi_type_Grocery,6,12,Grocery
34,-6,12,94826,25,7808,10000,spatial,poi_type_Grocery,6,12,Grocery
35,-6,12,94648,26,7748,10000,spatial,poi_type_Grocery,6,12,Grocery
36,-6,12,94477,38,7650,10000,spatial,poi_type_Grocery,6,12,Grocery
37,-6,12,93529,31,7633,10000,spatial,poi_type_Grocery,6,12,Grocery
38,-6,12,93329,92,7486,10000,spatial,poi_type_Grocery,6,12,Grocery
39,-6,12,92308,41,7397,10000,spatial,poi_type_Grocery,6,12,Grocery
40,-6,12,91848,44,7296,10000,spatial,poi_type_Grocery,6,12,Grocery
41,-6,12,92282,98,7021,10000,spatial,poi_type_Grocery,6,12,Grocery
42,-6,12,91512,48,6967,10000,spatial,poi_type_Grocery,6,12,Grocery
43,-6,12,91214,28,6972,10000,spatial,poi_type_Grocery,6,12,Grocery
44,-6,12,91345,63,6870,10000,spatial,poi_type_Grocery,6,12,Grocery
45,-6,12,90846,47,6847,10000,spatial,poi_type_Grocery,6,12,Grocery
46,-6,12,90162,25,6836,10000,spatial,poi_type_Grocery,6,12,Grocery
47,-6,12,89969,44,6693,10000,spatial,poi_type_Grocery,6,12,Grocery
48,-6,12,89163,37,6623,10000,spatial,poi_type_Grocery,6,12,Grocery
49,-6,12,88511,34,6580,10000,spatial,poi_type_Grocery,6,12,Grocery
50,-6,12,87802,23,6545,10000,spatial,poi_type_Grocery,6,12,Grocery
51,-6,12,87924,89,6439,10000,spatial,poi_type_Grocery,6,12,Grocery
52,-6,12,86811,20,6484,10000,spatial,poi_type_Grocery,6,12,Grocery
53,-6,12,86564,33,6458,10000,spatial,poi_type_Grocery,6,12,Grocery
54,-6,12,86400,40,6432,10000,spatial,poi_type_Grocery,6,12,Grocery
55,-6,12,86388,39,6469,10000,spatial,poi_type_Grocery,6,12,Grocery
56,-6,12,86355,33,6487,10000,spatial,poi_type_Grocery,6,12,Grocery
57,-6,12,86035,25,6485,10000,spatial,poi_type_Grocery,6,12,Grocery
58,-6,12,84934,28,6787,10000,spatial,poi_type_Grocery,6,12,Grocery
59,-6,12,84087,56,6831,10000,spatial,poi_type_Grocery,6,12,Grocery
60,-6,12,82747,53,6828,10000,spatial,poi_type_Grocery,6,12,Grocery
61,-6,11,77949,41,6749,10000,spatial,poi_type_Grocery,6,12,Grocery
62,-6,10,73377,46,6675,10000,spatial,poi_type_Grocery,6,12,Grocery
63,-6,9,68744,23,6630,10000,spatial,poi_type_Grocery,6,12,Grocery
64,-6,8,64333,37,6548,10000,spatial,poi_type_Grocery,6,12,Grocery
65,-6,7,59891,32,6473,10000,spatial,poi_type_Grocery,6,12,Grocery
66,-6,6,55438,55,6372,10000,spatial,poi_type_Grocery,6,12,Grocery
67,-6,5,50982,41,6286,10000,spatial,poi_type_Grocery,6,12,Grocery
68,-6,4,46615,23,6235,10000,spatial,poi_type_Grocery,6,12,Grocery
69,-6,3,42212,37,6154,10000,spatial,poi_type_Grocery,6,12,Grocery
70,-6,2,37780,18,6089,10000,spatial,poi_type_Grocery,6,12,Grocery
71,-6,1,33367,28,5990,10000,spatial,poi_type_Grocery,6,12,Grocery
1,0,12,13367,14,1533,10000,spatial,poi_type_Hotels,6,12,Hotels
10,-6,12,17662,22,1592,10000,spatial,poi_type_Hotels,6,12,Hotels
21,-6,12,14782,27,1481,10000,spatial,poi_type_Hotels,6,12,Hotels
26,-6,12,13003,15,1468,10000,spatial,poi_type_Hotels,6,12,Hotels
28,-6,12,12561,22,1446,10000,spatial,poi_type_Hotels,6,12,Hotels
32,-6,12,12160,24,1473,10000,spatial,poi_type_Hotels,6,12,Hotels
51,-6,12,9312,20,1108,10000,spatial,poi_type_Hotels,6,12,Hotels
1,0,12,102613,96,10000,10000,spatial,poi_type_Restaurants,6,12,Restaurants
2,-1,12,111507,256,10000,10000,spatial,poi_type_Restaurants,6,12,Restaurants
3,-2,12,117543,192,10000,10000,spatial,poi_type_Restaurants,6,12,Restaurants
4,-3,12,122712,107,10000,10000,spatial,poi_type_Restaurants,6,12,Restaurants
5,-4,12,129131,169,10000,10000,spatial,poi_type_Restaurants,6,12,Restaurants
6,-5,12,135758,117,10000,10000,spatial,poi_type_Restaurants,6,12,Restaurants
7,-6,12,142369,155,10000,10000,spatial,poi_type_Restaurants,6,12,Restaurants
8,-6,12,142108,168,10000,10000,spatial,poi_type_Restaurants,6,12,Restaurants
9,-6,12,142617,204,10000,10000,spatial,poi_type_Restaurants,6,12,Restaurants
10,-6,12,137915,107,10000,10000,spatial,poi_type_Restaurants,6,12,Restaurants
11,-6,12,141308,236,10000,10000,spatial,poi_type_Restaurants,6,12,Restaurants
12,-6,12,140310,227,10000,10000,spatial,poi_type_Restaurants,6,12,Restaurants
13,-6,12,142670,423,10000,10000,spatial,poi_type_Restaurants,6,12,Restaurants
14,-6,12,137918,157,10000,10000,spatial,poi_type_Restaurants,6,12,Restaurants
15,-6,12,138846,303,10000,10000,spatial,poi_type_Restaurants,6,12,Restaurants
16,-6,12,138132,358,10000,10000,spatial,poi_type_Restaurants,6,12,Restaurants
17,-6,12,136537,274,10000,10000,spatial,poi_type_Restaurants,6,12,Restaurants
18,-6,12,134391,247,10000,10000,spatial,poi_type_Restaurants,6,12,Restaurants
19,-6,12,138399,216,10000,10000,spatial,poi_type_Restaurants,6,12,Restaurants
20,-6,12,140500,317,10000,10000,spatial,poi_type_Restaurants,6,12,Restaurants
21,-6,12,143163,530,10000,10000,spatial,poi_type_Restaurants,6,12,Restaurants
22,-6,12,137482,189,10000,10000,spatial,poi_type_Restaurants,6,12,Restaurants
23,-6,12,134126,229,10000,10000,spatial,poi_type_Restaurants,6,12,Restaurants
24,-6,12,129652,126,10000,10000,spatial,poi_type_Restaurants,6,12,Restaurants
25,-6,12,129614,193,10000,10000,spatial,poi_type_Restaurants,6,12,Restaurants
26,-6,12,128363,195,10000,10000,spatial,poi_type_Restaurants,6,12,Restaurants
27,-6,12,128926,201,10000,10000,spatial,poi_type_Restaurants,6,12,Restaurants
28,-6,12,134078,595,10000,10000,spatial,poi_type_Restaurants,6,12,Restaurants
29,-6,12,127242,370,10000,10000,spatial,poi_type_Restaurants,6,12,Restaurants
30,-6,12,124143,218,10000,10000,spatial,poi_type_Restaurants,6,12,Restaurants
31,-6,12,121458,214,10000,10000,spatial,poi_type_Restaurants,6,12,Restaurants
32,-6,12,124088,419,10000,10000,spatial,poi_type_Restaurants,6,12,Restaurants
33,-6,12,121406,281,10000,10000,spatial,poi_type_Restaurants,6,12,Restaurants
34,-6,12,121012,193,10000,10000,spatial,poi_type_Restaurants,6,12,Restaurants
35,-6,12,119477,123,10000,10000,spatial,poi_type_Restaurants,6,12,Restaurants
36,-6,12,122698,252,10000,10000,spatial,poi_type_Restaurants,6,12,Restaurants
37,-6,12,120397,179,10000,10000,spatial,poi_type_Restaurants,6,12,Restaurants
38,-6,12,123839,365,10000,10000,spatial,poi_type_Restaurants,6,12,Restaurants
39,-6,12,120799,143,10000,10000,spatial,poi_type_Restaurants,6,12,Restaurants
40,-6,12,123543,227,10000,10000,spatial,poi_type_Restaurants,6,12,Restaurants
41,-6,12,128173,375,10000,10000,spatial,poi_type_Restaurants,6,12,Restaurants
42,-6,12,127628,176,10000,10000,spatial,poi_type_Restaurants,6,12,Restaurants
43,-6,12,124111,114,10000,10000,spatial,poi_type_Restaurants,6,12,Restaurants
44,-6,12,127148,190,10000,10000,spatial,poi_type_Restaurants,6,12,Restaurants
45,-6,12,126699,206,10000,10000,spatial,poi_type_Restaurants,6,12,Restaurants
46,-6,12,125335,122,10000,10000,spatial,poi_type_Restaurants,6,12,Restaurants
47,-6,12,126022,204,10000,10000,spatial,poi_type_Restaurants,6,12,Restaurants
48,-6,12,126220,181,10000,10000,spatial,poi_type_Restaurants,6,12,Restaurants
49,-6,12,125188,163,10000,10000,spatial,poi_type_Restaurants,6,12,Restaurants
50,-6,12,124537,111,10000,10000,spatial,poi_type_Restaurants,6,12,Restaurants
51,-6,12,128436,332,10000,10000,spatial,poi_type_Restaurants,6,12,Restaurants
52,-6,12,125167,148,10000,10000,spatial,poi_type_Restaurants,6,12,Restaurants
53,-6,12,125308,142,10000,10000,spatial,poi_type_Restaurants,6,12,Restaurants
54,-6,12,124916,137,10000,10000,spatial,poi_type_Restaurants,6,12,Restaurants
55,-6,12,123583,153,10000,10000,spatial,poi_type_Restaurants,6,12,Restaurants
56,-6,12,123088,97,10000,10000,spatial,poi_type_Restaurants,6,12,Restaurants
57,-6,12,121461,52,10000,10000,spatial,poi_type_Restaurants,6,12,Restaurants
58,-6,12,116967,175,10000,10000,spatial,poi_type_Restaurants,6,12,Restaurants
59,-6,12,115739,223,10000,10000,spatial,poi_type_Restaurants,6,12,Restaurants
60,-6,12,112552,146,10000,10000,spatial,poi_type_Restaurants,6,12,Restaurants
61,-6,11,109473,142,10000,10000,spatial,poi_type_Restaurants,6,12,Restaurants
62,-6,10,105243,146,10000,10000,spatial,poi_type_Restaurants,6,12,Restaurants
63,-6,9,98429,65,10000,10000,spatial,poi_type_Restaurants,6,12,Restaurants
64,-6,8,94035,137,10000,10000,spatial,poi_type_Restaurants,6,12,Restaurants
65,-6,7,89196,83,10000,10000,spatial,poi_type_Restaurants,6,12,Restaurants
66,-6,6,84158,173,10000,10000,spatial,poi_type_Restaurants,6,12,Restaurants
67,-6,5,79079,162,10000,10000,spatial,poi_type_Restaurants,6,12,Restaurants
68,-6,4,73341,121,10000,10000,spatial,poi_type_Restaurants,6,12,Restaurants
69,-6,3,67071,101,10000,10000,spatial,poi_type_Restaurants,6,12,Restaurants
70,-6,2,60761,61,10000,10000,spatial,poi_type_Restaurants,6,12,Restaurants
71,-6,1,54420,53,10000,10000,spatial,poi_type_Restaurants,6,12,Restaurants
1,0,12,95883,35,10000,10000,spatial,poi_type_Retail_Other,6,12,Retail_Other
2,-1,12,102840,81,10000,10000,spatial,poi_type_Retail_Other,6,12,Retail_Other
3,-2,12,106901,56,10000,10000,spatial,poi_type_Retail_Other,6,12,Retail_Other
4,-3,12,112727,32,10000,10000,spatial,poi_type_Retail_Other,6,12,Retail_Other
5,-4,12,118041,45,10000,10000,spatial,poi_type_Retail_Other,6,12,Retail_Other
6,-5,12,123710,26,10000,10000,spatial,poi_type_Retail_Other,6,12,Retail_Other
7,-6,12,130198,83,10000,10000,spatial,poi_type_Retail_Other,6,12,Retail_Other
8,-6,12,128319,43,10000,10000,spatial,poi_type_Retail_Other,6,12,Retail_Other
9,-6,12,128257,77,10000,10000,spatial,poi_type_Retail_Other,6,12,Retail_Other
10,-6,12,127036,33,10000,10000,spatial,poi_type_Retail_Other,6,12,Retail_Other
11,-6,12,127432,82,10000,10000,spatial,poi_type_Retail_Other,6,12,Retail_Other
12,-6,12,125874,79,10000,10000,spatial,poi_type_Retail_Other,6,12,Retail_Other
13,-6,12,126002,150,10000,10000,spatial,poi_type_Retail_Other,6,12,Retail_Other
14,-6,12,124305,71,10000,10000,spatial,poi_type_Retail_Other,6,12,Retail_Other
15,-6,12,123901,66,10000,10000,spatial,poi_type_Retail_Other,6,12,Retail_Other
16,-6,12,123901,144,10000,10000,spatial,poi_type_Retail_Other,6,12,Retail_Other
17,-6,12,123258,112,10000,10000,spatial,poi_type_Retail_Other,6,12,Retail_Other
18,-6,12,119900,89,10000,10000,spatial,poi_type_Retail_Other,6,12,Retail_Other
19,-6,12,122638,73,10000,10000,spatial,poi_type_Retail_Other,6,12,Retail_Other
20,-6,12,121985,90,10000,10000,spatial,poi_type_Retail_Other,6,12,Retail_Other
21,-6,12,123236,206,10000,10000,spatial,poi_type_Retail_Other,6,12,Retail_Other
22,-6,12,121043,68,10000,10000,spatial,poi_type_Retail_Other,6,12,Retail_Other
23,-6,12,118399,76,10000,10000,spatial,poi_type_Retail_Other,6,12,Retail_Other
24,-6,12,116663,58,10000,10000,spatial,poi_type_Retail_Other,6,12,Retail_Other
25,-6,12,115310,50,10000,10000,spatial,poi_type_Retail_Other,6,12,Retail_Other
26,-6,12,114722,95,10000,10000,spatial,poi_type_Retail_Other,6,12,Retail_Other
27,-6,12,114339,116,10000,10000,spatial,poi_type_Retail_Other,6,12,Retail_Other
28,-6,12,115448,254,10000,10000,spatial,poi_type_Retail_Other,6,12,Retail_Other
29,-6,12,111941,144,10000,10000,spatial,poi_type_Retail_Other,6,12,Retail_Other
30,-6,12,110413,107,10000,10000,spatial,poi_type_Retail_Other,6,12,Retail_Other
31,-6,12,109169,82,10000,10000,spatial,poi_type_Retail_Other,6,12,Retail_Other
32,-6,12,109717,138,10000,10000,spatial,poi_type_Retail_Other,6,12,Retail_Other
33,-6,12,108977,110,10000,10000,spatial,poi_type_Retail_Other,6,12,Retail_Other
34,-6,12,109294,39,10000,10000,spatial,poi_type_Retail_Other,6,12,Retail_Other
35,-6,12,110046,54,10000,10000,spatial,poi_type_Retail_Other,6,12,Retail_Other
36,-6,12,110575,76,10000,10000,spatial,poi_type_Retail_Other,6,12,Retail_Other
37,-6,12,110430,64,10000,10000,spatial,poi_type_Retail_Other,6,12,Retail_Other
38,-6,12,112286,127,10000,10000,spatial,poi_type_Retail_Other,6,12,Retail_Other
39,-6,12,111923,55,10000,10000,spatial,poi_type_Retail_Other,6,12,Retail_Other
40,-6,12,114080,82,10000,10000,spatial,poi_type_Retail_Other,6,12,Retail_Other
41,-6,12,117371,168,10000,10000,spatial,poi_type_Retail_Other,6,12,Retail_Other
42,-6,12,116315,75,10000,10000,spatial,poi_type_Retail_Other,6,12,Retail_Other
43,-6,12,115663,53,10000,10000,spatial,poi_type_Retail_Other,6,12,Retail_Other
44,-6,12,115932,70,10000,10000,spatial,poi_type_Retail_Other,6,12,Retail_Other
45,-6,12,115496,63,10000,10000,spatial,poi_type_Retail_Other,6,12,Retail_Other
46,-6,12,114972,64,10000,10000,spatial,poi_type_Retail_Other,6,12,Retail_Other
47,-6,12,115691,64,10000,10000,spatial,poi_type_Retail_Other,6,12,Retail_Other
48,-6,12,114732,64,10000,10000,spatial,poi_type_Retail_Other,6,12,Retail_Other
49,-6,12,113865,52,10000,10000,spatial,poi_type_Retail_Other,6,12,Retail_Other
50,-6,12,114011,56,10000,10000,spatial,poi_type_Retail_Other,6,12,Retail_Other
51,-6,12,114852,116,10000,10000,spatial,poi_type_Retail_Other,6,12,Retail_Other
52,-6,12,114315,72,10000,10000,spatial,poi_type_Retail_Other,6,12,Retail_Other
53,-6,12,113390,38,10000,10000,spatial,poi_type_Retail_Other,6,12,Retail_Other
54,-6,12,113722,56,10000,10000,spatial,poi_type_Retail_Other,6,12,Retail_Other
55,-6,12,113018,47,10000,10000,spatial,poi_type_Retail_Other,6,12,Retail_Other
56,-6,12,112747,41,10000,10000,spatial,poi_type_Retail_Other,6,12,Retail_Other
57,-6,12,112102,47,10000,10000,spatial,poi_type_Retail_Other,6,12,Retail_Other
58,-6,12,103996,49,10000,10000,spatial,poi_type_Retail_Other,6,12,Retail_Other
59,-6,12,102531,97,10000,10000,spatial,poi_type_Retail_Other,6,12,Retail_Other
60,-6,12,101214,68,10000,10000,spatial,poi_type_Retail_Other,6,12,Retail_Other
61,-6,11,96558,52,10000,10000,spatial,poi_type_Retail_Other,6,12,Retail_Other
62,-6,10,92580,69,10000,10000,spatial,poi_type_Retail_Other,6,12,Retail_Other
63,-6,9,88060,51,10000,10000,spatial,poi_type_Retail_Other,6,12,Retail_Other
64,-6,8,83706,69,10000,10000,spatial,poi_type_Retail_Other,6,12,Retail_Other
65,-6,7,78788,27,10000,10000,spatial,poi_type_Retail_Other,6,12,Retail_Other
66,-6,6,75100,73,10000,10000,spatial,poi_type_Retail_Other,6,12,Retail_Other
67,-6,5,70379,57,10000,10000,spatial,poi_type_Retail_Other,6,12,Retail_Other
68,-6,4,65912,57,10000,10000,spatial,poi_type_Retail_Other,6,12,Retail_Other
69,-6,3,60699,21,10000,10000,spatial,poi_type_Retail_Other,6,12,Retail_Other
70,-6,2,55353,22,9948,10000,spatial,poi_type_Retail_Other,6,12,Retail_Other
71,-6,1,49231,22,9777,10000,spatial,poi_type_Retail_Other,6,12,Retail_Other
